<?xml version='1.0' encoding='utf-8' ?>
<items>
  <item>
    <inst>item_inst_0</inst>
    <hook>home</hook>
    <url><![CDATA[index.php?id_product=3&controller=product&id_lang=1#]]></url>
    <html>
        <lang_1><![CDATA[<h4>Coats and</h4>
<h3>Jackets</h3>
<p>Lorem ipsum dolor sit amet, consectetur adipisicing elit, sed do eiusmod</p>
<a href="index.php?id_product=3&controller=product&id_lang=1#">Shop now!</a>]]></lang_1>
    </html>

    <imgWidth>370</imgWidth>
    <imgHeight>460</imgHeight>
    <img>75fdff550c3f130b72ae6057608e110c.jpg</img>
 </item>
  <item>
    <inst>item_inst_1</inst>
    <hook>home</hook>
    <url><![CDATA[index.php?id_product=5&controller=product&id_lang=1#]]></url>
    <html>
        <lang_1><![CDATA[<h5>lingerie</h5>
<p>Dolor sit amet, consectetur adipisicing elit, sed do eiusmod</p>
<a href="index.php?id_product=5&controller=product&id_lang=1#">Shop now!</a>]]></lang_1>
    </html>

    <imgWidth>370</imgWidth>
    <imgHeight>273</imgHeight>
    <img>7758ed22523b2bacaa6e7ffa97fd3473.jpg</img>
 </item>
</items>
